timestamp,dataset,model,case_name,generator_name,case_mode,conditioning_cols,generated_cols,feature_name_or__aggregate__,ks_stat,ks_pvalue,wasserstein,kl_divergence,corr_diff,corr_frobenius
2026-04-15T19:25:21.000874+00:00,invivo,invivo_arf,invivo_arf_seed_42,arf,unconditional,,ratio_ch1_wv1|ratio_ch2_wv1|ratio_ch3_wv1|ratio_ch4_wv1|ratio_ch5_wv1|ratio_ch1_wv2|ratio_ch2_wv2|ratio_ch3_wv2|ratio_ch4_wv2|ratio_ch5_wv2|ratio_ch1_wv3|ratio_ch2_wv3|ratio_ch3_wv3|ratio_ch4_wv3|ratio_ch5_wv3,ratio_ch1_wv1,0.022505951092837047,0.19237539117555347,1.3758059344953931e-05,0.02267932368571223,0.007856038207593214,
2026-04-15T19:25:21.000874+00:00,invivo,invivo_arf,invivo_arf_seed_42,arf,unconditional,,ratio_ch1_wv1|ratio_ch2_wv1|ratio_ch3_wv1|ratio_ch4_wv1|ratio_ch5_wv1|ratio_ch1_wv2|ratio_ch2_wv2|ratio_ch3_wv2|ratio_ch4_wv2|ratio_ch5_wv2|ratio_ch1_wv3|ratio_ch2_wv3|ratio_ch3_wv3|ratio_ch4_wv3|ratio_ch5_wv3,ratio_ch2_wv1,0.02164033758926639,0.22938922934500636,9.53767521153918e-06,0.01213028472953093,0.009398688041675837,
2026-04-15T19:25:21.000874+00:00,invivo,invivo_arf,invivo_arf_seed_42,arf,unconditional,,ratio_ch1_wv1|ratio_ch2_wv1|ratio_ch3_wv1|ratio_ch4_wv1|ratio_ch5_wv1|ratio_ch1_wv2|ratio_ch2_wv2|ratio_ch3_wv2|ratio_ch4_wv2|ratio_ch5_wv2|ratio_ch1_wv3|ratio_ch2_wv3|ratio_ch3_wv3|ratio_ch4_wv3|ratio_ch5_wv3,ratio_ch3_wv1,0.02207314434105172,0.21025865205414662,1.1078058547315645e-05,0.02826144571099038,0.009497248961087671,
2026-04-15T19:25:21.000874+00:00,invivo,invivo_arf,invivo_arf_seed_42,arf,unconditional,,ratio_ch1_wv1|ratio_ch2_wv1|ratio_ch3_wv1|ratio_ch4_wv1|ratio_ch5_wv1|ratio_ch1_wv2|ratio_ch2_wv2|ratio_ch3_wv2|ratio_ch4_wv2|ratio_ch5_wv2|ratio_ch1_wv3|ratio_ch2_wv3|ratio_ch3_wv3|ratio_ch4_wv3|ratio_ch5_wv3,ratio_ch4_wv1,0.020341917333910407,0.2945976033913081,2.074391781845237e-05,0.01712207009955277,0.007050263766662597,
2026-04-15T19:25:21.000874+00:00,invivo,invivo_arf,invivo_arf_seed_42,arf,unconditional,,ratio_ch1_wv1|ratio_ch2_wv1|ratio_ch3_wv1|ratio_ch4_wv1|ratio_ch5_wv1|ratio_ch1_wv2|ratio_ch2_wv2|ratio_ch3_wv2|ratio_ch4_wv2|ratio_ch5_wv2|ratio_ch1_wv3|ratio_ch2_wv3|ratio_ch3_wv3|ratio_ch4_wv3|ratio_ch5_wv3,ratio_ch5_wv1,0.02661761523479766,0.07570539529811182,3.352038388230006e-05,0.01831977427869748,0.009751364919941467,
2026-04-15T19:25:21.000874+00:00,invivo,invivo_arf,invivo_arf_seed_42,arf,unconditional,,ratio_ch1_wv1|ratio_ch2_wv1|ratio_ch3_wv1|ratio_ch4_wv1|ratio_ch5_wv1|ratio_ch1_wv2|ratio_ch2_wv2|ratio_ch3_wv2|ratio_ch4_wv2|ratio_ch5_wv2|ratio_ch1_wv3|ratio_ch2_wv3|ratio_ch3_wv3|ratio_ch4_wv3|ratio_ch5_wv3,ratio_ch1_wv2,0.02986366587318762,0.032444976584463034,6.0111054679603396e-05,0.01643940665750531,0.013824758175933387,
2026-04-15T19:25:21.000874+00:00,invivo,invivo_arf,invivo_arf_seed_42,arf,unconditional,,ratio_ch1_wv1|ratio_ch2_wv1|ratio_ch3_wv1|ratio_ch4_wv1|ratio_ch5_wv1|ratio_ch1_wv2|ratio_ch2_wv2|ratio_ch3_wv2|ratio_ch4_wv2|ratio_ch5_wv2|ratio_ch1_wv3|ratio_ch2_wv3|ratio_ch3_wv3|ratio_ch4_wv3|ratio_ch5_wv3,ratio_ch2_wv2,0.028998052369616965,0.04105984654058939,6.168173101744269e-05,0.038616593108377825,0.014115935752789214,
2026-04-15T19:25:21.000874+00:00,invivo,invivo_arf,invivo_arf_seed_42,arf,unconditional,,ratio_ch1_wv1|ratio_ch2_wv1|ratio_ch3_wv1|ratio_ch4_wv1|ratio_ch5_wv1|ratio_ch1_wv2|ratio_ch2_wv2|ratio_ch3_wv2|ratio_ch4_wv2|ratio_ch5_wv2|ratio_ch1_wv3|ratio_ch2_wv3|ratio_ch3_wv3|ratio_ch4_wv3|ratio_ch5_wv3,ratio_ch3_wv2,0.02921445574550963,0.03873754952095581,5.1727898976289454e-05,0.016405737835332317,0.012380832743003231,
2026-04-15T19:25:21.000874+00:00,invivo,invivo_arf,invivo_arf_seed_42,arf,unconditional,,ratio_ch1_wv1|ratio_ch2_wv1|ratio_ch3_wv1|ratio_ch4_wv1|ratio_ch5_wv1|ratio_ch1_wv2|ratio_ch2_wv2|ratio_ch3_wv2|ratio_ch4_wv2|ratio_ch5_wv2|ratio_ch1_wv3|ratio_ch2_wv3|ratio_ch3_wv3|ratio_ch4_wv3|ratio_ch5_wv3,ratio_ch4_wv2,0.02531919497944168,0.10338118821115339,3.5271318199087896e-05,0.03250221906789643,0.011418708210786008,
2026-04-15T19:25:21.000874+00:00,invivo,invivo_arf,invivo_arf_seed_42,arf,unconditional,,ratio_ch1_wv1|ratio_ch2_wv1|ratio_ch3_wv1|ratio_ch4_wv1|ratio_ch5_wv1|ratio_ch1_wv2|ratio_ch2_wv2|ratio_ch3_wv2|ratio_ch4_wv2|ratio_ch5_wv2|ratio_ch1_wv3|ratio_ch2_wv3|ratio_ch3_wv3|ratio_ch4_wv3|ratio_ch5_wv3,ratio_ch5_wv2,0.016879463319627787,0.5258283478046503,2.3124352026233055e-05,0.019117538121923076,0.010635473871039365,
2026-04-15T19:25:21.000874+00:00,invivo,invivo_arf,invivo_arf_seed_42,arf,unconditional,,ratio_ch1_wv1|ratio_ch2_wv1|ratio_ch3_wv1|ratio_ch4_wv1|ratio_ch5_wv1|ratio_ch1_wv2|ratio_ch2_wv2|ratio_ch3_wv2|ratio_ch4_wv2|ratio_ch5_wv2|ratio_ch1_wv3|ratio_ch2_wv3|ratio_ch3_wv3|ratio_ch4_wv3|ratio_ch5_wv3,ratio_ch1_wv3,0.02423717809997836,0.13243298696360714,2.712389959608216e-05,0.017806358942670745,0.011021817667465834,
2026-04-15T19:25:21.000874+00:00,invivo,invivo_arf,invivo_arf_seed_42,arf,unconditional,,ratio_ch1_wv1|ratio_ch2_wv1|ratio_ch3_wv1|ratio_ch4_wv1|ratio_ch5_wv1|ratio_ch1_wv2|ratio_ch2_wv2|ratio_ch3_wv2|ratio_ch4_wv2|ratio_ch5_wv2|ratio_ch1_wv3|ratio_ch2_wv3|ratio_ch3_wv3|ratio_ch4_wv3|ratio_ch5_wv3,ratio_ch2_wv3,0.018394286950876432,0.4149907505053663,1.434826372887354e-05,0.03353020036903394,0.010141968748779243,
2026-04-15T19:25:21.000874+00:00,invivo,invivo_arf,invivo_arf_seed_42,arf,unconditional,,ratio_ch1_wv1|ratio_ch2_wv1|ratio_ch3_wv1|ratio_ch4_wv1|ratio_ch5_wv1|ratio_ch1_wv2|ratio_ch2_wv2|ratio_ch3_wv2|ratio_ch4_wv2|ratio_ch5_wv2|ratio_ch1_wv3|ratio_ch2_wv3|ratio_ch3_wv3|ratio_ch4_wv3|ratio_ch5_wv3,ratio_ch3_wv3,0.020558320709803072,0.28289680120155786,2.06749172173457e-05,0.019752165932261638,0.014057832939345231,
2026-04-15T19:25:21.000874+00:00,invivo,invivo_arf,invivo_arf_seed_42,arf,unconditional,,ratio_ch1_wv1|ratio_ch2_wv1|ratio_ch3_wv1|ratio_ch4_wv1|ratio_ch5_wv1|ratio_ch1_wv2|ratio_ch2_wv2|ratio_ch3_wv2|ratio_ch4_wv2|ratio_ch5_wv2|ratio_ch1_wv3|ratio_ch2_wv3|ratio_ch3_wv3|ratio_ch4_wv3|ratio_ch5_wv3,ratio_ch4_wv3,0.018610690326769097,0.4003034709734693,3.786208441045261e-05,0.011804068308256026,0.01744414565034956,
2026-04-15T19:25:21.000874+00:00,invivo,invivo_arf,invivo_arf_seed_42,arf,unconditional,,ratio_ch1_wv1|ratio_ch2_wv1|ratio_ch3_wv1|ratio_ch4_wv1|ratio_ch5_wv1|ratio_ch1_wv2|ratio_ch2_wv2|ratio_ch3_wv2|ratio_ch4_wv2|ratio_ch5_wv2|ratio_ch1_wv3|ratio_ch2_wv3|ratio_ch3_wv3|ratio_ch4_wv3|ratio_ch5_wv3,ratio_ch5_wv3,0.01925990045444709,0.35816621768789075,5.1444115732938116e-05,0.02277761053230505,0.017323280452734117,
2026-04-15T19:25:21.000874+00:00,invivo,invivo_arf,invivo_arf_seed_42,arf,unconditional,,ratio_ch1_wv1|ratio_ch2_wv1|ratio_ch3_wv1|ratio_ch4_wv1|ratio_ch5_wv1|ratio_ch1_wv2|ratio_ch2_wv2|ratio_ch3_wv2|ratio_ch4_wv2|ratio_ch5_wv2|ratio_ch1_wv3|ratio_ch2_wv3|ratio_ch3_wv3|ratio_ch4_wv3|ratio_ch5_wv3,__aggregate__,0.022967611628074727,,3.146718202592732e-05,0.021817653158669743,0.011727890540612398,0.22161608098178925
2026-04-15T20:06:26.415048+00:00,simulation,simulation_arf,simulation_arf_seed_42,arf,unconditional,,epr_d1_wv690|epr_d3_wv690|epr_d5_wv690|epr_d7_wv690|epr_d9_wv690|epr_d1_wv735|epr_d3_wv735|epr_d5_wv735|epr_d7_wv735|epr_d9_wv735|epr_d1_wv810|epr_d3_wv810|epr_d5_wv810|epr_d7_wv810|epr_d9_wv810|epr_d1_wv850|epr_d3_wv850|epr_d5_wv850|epr_d7_wv850|epr_d9_wv850|epr_d1_wv910|epr_d3_wv910|epr_d5_wv910|epr_d7_wv910|epr_d9_wv910,epr_d1_wv690,0.19950274348422498,0.0,7.221019496434556e-05,0.0010576778114940065,0.015621179698838559,
2026-04-15T20:06:26.415048+00:00,simulation,simulation_arf,simulation_arf_seed_42,arf,unconditional,,epr_d1_wv690|epr_d3_wv690|epr_d5_wv690|epr_d7_wv690|epr_d9_wv690|epr_d1_wv735|epr_d3_wv735|epr_d5_wv735|epr_d7_wv735|epr_d9_wv735|epr_d1_wv810|epr_d3_wv810|epr_d5_wv810|epr_d7_wv810|epr_d9_wv810|epr_d1_wv850|epr_d3_wv850|epr_d5_wv850|epr_d7_wv850|epr_d9_wv850|epr_d1_wv910|epr_d3_wv910|epr_d5_wv910|epr_d7_wv910|epr_d9_wv910,epr_d3_wv690,0.057498856881572934,1.0127362040395187e-50,0.00018361642074390407,0.0018282639372786233,0.01143023302061695,
2026-04-15T20:06:26.415048+00:00,simulation,simulation_arf,simulation_arf_seed_42,arf,unconditional,,epr_d1_wv690|epr_d3_wv690|epr_d5_wv690|epr_d7_wv690|epr_d9_wv690|epr_d1_wv735|epr_d3_wv735|epr_d5_wv735|epr_d7_wv735|epr_d9_wv735|epr_d1_wv810|epr_d3_wv810|epr_d5_wv810|epr_d7_wv810|epr_d9_wv810|epr_d1_wv850|epr_d3_wv850|epr_d5_wv850|epr_d7_wv850|epr_d9_wv850|epr_d1_wv910|epr_d3_wv910|epr_d5_wv910|epr_d7_wv910|epr_d9_wv910,epr_d5_wv690,0.026748971193415627,2.6196617480720817e-11,0.0002562929836221226,0.00302164362350074,0.01052419743561765,
2026-04-15T20:06:26.415048+00:00,simulation,simulation_arf,simulation_arf_seed_42,arf,unconditional,,epr_d1_wv690|epr_d3_wv690|epr_d5_wv690|epr_d7_wv690|epr_d9_wv690|epr_d1_wv735|epr_d3_wv735|epr_d5_wv735|epr_d7_wv735|epr_d9_wv735|epr_d1_wv810|epr_d3_wv810|epr_d5_wv810|epr_d7_wv810|epr_d9_wv810|epr_d1_wv850|epr_d3_wv850|epr_d5_wv850|epr_d7_wv850|epr_d9_wv850|epr_d1_wv910|epr_d3_wv910|epr_d5_wv910|epr_d7_wv910|epr_d9_wv910,epr_d7_wv690,0.027663465935070852,4.587205654175946e-12,0.00045794207109904405,0.004440160303174283,0.012070801686730626,
2026-04-15T20:06:26.415048+00:00,simulation,simulation_arf,simulation_arf_seed_42,arf,unconditional,,epr_d1_wv690|epr_d3_wv690|epr_d5_wv690|epr_d7_wv690|epr_d9_wv690|epr_d1_wv735|epr_d3_wv735|epr_d5_wv735|epr_d7_wv735|epr_d9_wv735|epr_d1_wv810|epr_d3_wv810|epr_d5_wv810|epr_d7_wv810|epr_d9_wv810|epr_d1_wv850|epr_d3_wv850|epr_d5_wv850|epr_d7_wv850|epr_d9_wv850|epr_d1_wv910|epr_d3_wv910|epr_d5_wv910|epr_d7_wv910|epr_d9_wv910,epr_d9_wv690,0.02940672153635121,1.4080334954951565e-13,0.0006980923335204553,0.0067322510660139745,0.021442941266734163,
2026-04-15T20:06:26.415048+00:00,simulation,simulation_arf,simulation_arf_seed_42,arf,unconditional,,epr_d1_wv690|epr_d3_wv690|epr_d5_wv690|epr_d7_wv690|epr_d9_wv690|epr_d1_wv735|epr_d3_wv735|epr_d5_wv735|epr_d7_wv735|epr_d9_wv735|epr_d1_wv810|epr_d3_wv810|epr_d5_wv810|epr_d7_wv810|epr_d9_wv810|epr_d1_wv850|epr_d3_wv850|epr_d5_wv850|epr_d7_wv850|epr_d9_wv850|epr_d1_wv910|epr_d3_wv910|epr_d5_wv910|epr_d7_wv910|epr_d9_wv910,epr_d1_wv735,0.15229195244627344,0.0,6.6557273601943e-05,0.000585306608934316,0.015083687738559537,
2026-04-15T20:06:26.415048+00:00,simulation,simulation_arf,simulation_arf_seed_42,arf,unconditional,,epr_d1_wv690|epr_d3_wv690|epr_d5_wv690|epr_d7_wv690|epr_d9_wv690|epr_d1_wv735|epr_d3_wv735|epr_d5_wv735|epr_d7_wv735|epr_d9_wv735|epr_d1_wv810|epr_d3_wv810|epr_d5_wv810|epr_d7_wv810|epr_d9_wv810|epr_d1_wv850|epr_d3_wv850|epr_d5_wv850|epr_d7_wv850|epr_d9_wv850|epr_d1_wv910|epr_d3_wv910|epr_d5_wv910|epr_d7_wv910|epr_d9_wv910,epr_d3_wv735,0.02960676726108824,9.312862722804361e-14,0.00019705373981227967,0.0021878336403723412,0.01069692676422139,
2026-04-15T20:06:26.415048+00:00,simulation,simulation_arf,simulation_arf_seed_42,arf,unconditional,,epr_d1_wv690|epr_d3_wv690|epr_d5_wv690|epr_d7_wv690|epr_d9_wv690|epr_d1_wv735|epr_d3_wv735|epr_d5_wv735|epr_d7_wv735|epr_d9_wv735|epr_d1_wv810|epr_d3_wv810|epr_d5_wv810|epr_d7_wv810|epr_d9_wv810|epr_d1_wv850|epr_d3_wv850|epr_d5_wv850|epr_d7_wv850|epr_d9_wv850|epr_d1_wv910|epr_d3_wv910|epr_d5_wv910|epr_d7_wv910|epr_d9_wv910,epr_d5_wv735,0.0271490626428898,1.2311783224365018e-11,0.00024438854964363687,0.003712974835133982,0.009467049133233072,
2026-04-15T20:06:26.415048+00:00,simulation,simulation_arf,simulation_arf_seed_42,arf,unconditional,,epr_d1_wv690|epr_d3_wv690|epr_d5_wv690|epr_d7_wv690|epr_d9_wv690|epr_d1_wv735|epr_d3_wv735|epr_d5_wv735|epr_d7_wv735|epr_d9_wv735|epr_d1_wv810|epr_d3_wv810|epr_d5_wv810|epr_d7_wv810|epr_d9_wv810|epr_d1_wv850|epr_d3_wv850|epr_d5_wv850|epr_d7_wv850|epr_d9_wv850|epr_d1_wv910|epr_d3_wv910|epr_d5_wv910|epr_d7_wv910|epr_d9_wv910,epr_d7_wv735,0.027063328760859595,1.4487732163343339e-11,0.00043895837352417473,0.004336682562868318,0.011882966237755987,
2026-04-15T20:06:26.415048+00:00,simulation,simulation_arf,simulation_arf_seed_42,arf,unconditional,,epr_d1_wv690|epr_d3_wv690|epr_d5_wv690|epr_d7_wv690|epr_d9_wv690|epr_d1_wv735|epr_d3_wv735|epr_d5_wv735|epr_d7_wv735|epr_d9_wv735|epr_d1_wv810|epr_d3_wv810|epr_d5_wv810|epr_d7_wv810|epr_d9_wv810|epr_d1_wv850|epr_d3_wv850|epr_d5_wv850|epr_d7_wv850|epr_d9_wv850|epr_d1_wv910|epr_d3_wv910|epr_d5_wv910|epr_d7_wv910|epr_d9_wv910,epr_d9_wv735,0.028978052126200304,3.3823558934712446e-13,0.000621601409136666,0.004232160968740925,0.024767890372173446,
2026-04-15T20:06:26.415048+00:00,simulation,simulation_arf,simulation_arf_seed_42,arf,unconditional,,epr_d1_wv690|epr_d3_wv690|epr_d5_wv690|epr_d7_wv690|epr_d9_wv690|epr_d1_wv735|epr_d3_wv735|epr_d5_wv735|epr_d7_wv735|epr_d9_wv735|epr_d1_wv810|epr_d3_wv810|epr_d5_wv810|epr_d7_wv810|epr_d9_wv810|epr_d1_wv850|epr_d3_wv850|epr_d5_wv850|epr_d7_wv850|epr_d9_wv850|epr_d1_wv910|epr_d3_wv910|epr_d5_wv910|epr_d7_wv910|epr_d9_wv910,epr_d1_wv810,0.04369570187471422,1.8234163833238414e-29,7.091542929652837e-05,0.0013889806536364372,0.014124286352667104,
2026-04-15T20:06:26.415048+00:00,simulation,simulation_arf,simulation_arf_seed_42,arf,unconditional,,epr_d1_wv690|epr_d3_wv690|epr_d5_wv690|epr_d7_wv690|epr_d9_wv690|epr_d1_wv735|epr_d3_wv735|epr_d5_wv735|epr_d7_wv735|epr_d9_wv735|epr_d1_wv810|epr_d3_wv810|epr_d5_wv810|epr_d7_wv810|epr_d9_wv810|epr_d1_wv850|epr_d3_wv850|epr_d5_wv850|epr_d7_wv850|epr_d9_wv850|epr_d1_wv910|epr_d3_wv910|epr_d5_wv910|epr_d7_wv910|epr_d9_wv910,epr_d3_wv810,0.02660608139003201,3.421218703953885e-11,0.00022198466956977085,0.00230329464043934,0.009756530301009649,
2026-04-15T20:06:26.415048+00:00,simulation,simulation_arf,simulation_arf_seed_42,arf,unconditional,,epr_d1_wv690|epr_d3_wv690|epr_d5_wv690|epr_d7_wv690|epr_d9_wv690|epr_d1_wv735|epr_d3_wv735|epr_d5_wv735|epr_d7_wv735|epr_d9_wv735|epr_d1_wv810|epr_d3_wv810|epr_d5_wv810|epr_d7_wv810|epr_d9_wv810|epr_d1_wv850|epr_d3_wv850|epr_d5_wv850|epr_d7_wv850|epr_d9_wv850|epr_d1_wv910|epr_d3_wv910|epr_d5_wv910|epr_d7_wv910|epr_d9_wv910,epr_d5_wv810,0.026863283036122565,2.1137299325492966e-11,0.000271601660781171,0.0042176112130968765,0.008903554746548192,
2026-04-15T20:06:26.415048+00:00,simulation,simulation_arf,simulation_arf_seed_42,arf,unconditional,,epr_d1_wv690|epr_d3_wv690|epr_d5_wv690|epr_d7_wv690|epr_d9_wv690|epr_d1_wv735|epr_d3_wv735|epr_d5_wv735|epr_d7_wv735|epr_d9_wv735|epr_d1_wv810|epr_d3_wv810|epr_d5_wv810|epr_d7_wv810|epr_d9_wv810|epr_d1_wv850|epr_d3_wv850|epr_d5_wv850|epr_d7_wv850|epr_d9_wv850|epr_d1_wv910|epr_d3_wv910|epr_d5_wv910|epr_d7_wv910|epr_d9_wv910,epr_d7_wv810,0.026806127114769096,2.3534070497516047e-11,0.0004523210373138155,0.004798568979704945,0.011119500285846408,
2026-04-15T20:06:26.415048+00:00,simulation,simulation_arf,simulation_arf_seed_42,arf,unconditional,,epr_d1_wv690|epr_d3_wv690|epr_d5_wv690|epr_d7_wv690|epr_d9_wv690|epr_d1_wv735|epr_d3_wv735|epr_d5_wv735|epr_d7_wv735|epr_d9_wv735|epr_d1_wv810|epr_d3_wv810|epr_d5_wv810|epr_d7_wv810|epr_d9_wv810|epr_d1_wv850|epr_d3_wv850|epr_d5_wv850|epr_d7_wv850|epr_d9_wv850|epr_d1_wv910|epr_d3_wv910|epr_d5_wv910|epr_d7_wv910|epr_d9_wv910,epr_d9_wv810,0.027063328760859595,1.4487732163343339e-11,0.0005049865240162725,0.004780552796048582,0.011728876752439252,
2026-04-15T20:06:26.415048+00:00,simulation,simulation_arf,simulation_arf_seed_42,arf,unconditional,,epr_d1_wv690|epr_d3_wv690|epr_d5_wv690|epr_d7_wv690|epr_d9_wv690|epr_d1_wv735|epr_d3_wv735|epr_d5_wv735|epr_d7_wv735|epr_d9_wv735|epr_d1_wv810|epr_d3_wv810|epr_d5_wv810|epr_d7_wv810|epr_d9_wv810|epr_d1_wv850|epr_d3_wv850|epr_d5_wv850|epr_d7_wv850|epr_d9_wv850|epr_d1_wv910|epr_d3_wv910|epr_d5_wv910|epr_d7_wv910|epr_d9_wv910,epr_d1_wv850,0.03420781893004115,3.1898438242469767e-18,7.142389667992985e-05,0.0012517219826645894,0.014012851314414543,
2026-04-15T20:06:26.415048+00:00,simulation,simulation_arf,simulation_arf_seed_42,arf,unconditional,,epr_d1_wv690|epr_d3_wv690|epr_d5_wv690|epr_d7_wv690|epr_d9_wv690|epr_d1_wv735|epr_d3_wv735|epr_d5_wv735|epr_d7_wv735|epr_d9_wv735|epr_d1_wv810|epr_d3_wv810|epr_d5_wv810|epr_d7_wv810|epr_d9_wv810|epr_d1_wv850|epr_d3_wv850|epr_d5_wv850|epr_d7_wv850|epr_d9_wv850|epr_d1_wv910|epr_d3_wv910|epr_d5_wv910|epr_d7_wv910|epr_d9_wv910,epr_d3_wv850,0.026577503429355276,3.608223447069816e-11,0.0002252982107575107,0.0022532951023281024,0.009721035593060501,
2026-04-15T20:06:26.415048+00:00,simulation,simulation_arf,simulation_arf_seed_42,arf,unconditional,,epr_d1_wv690|epr_d3_wv690|epr_d5_wv690|epr_d7_wv690|epr_d9_wv690|epr_d1_wv735|epr_d3_wv735|epr_d5_wv735|epr_d7_wv735|epr_d9_wv735|epr_d1_wv810|epr_d3_wv810|epr_d5_wv810|epr_d7_wv810|epr_d9_wv810|epr_d1_wv850|epr_d3_wv850|epr_d5_wv850|epr_d7_wv850|epr_d9_wv850|epr_d1_wv910|epr_d3_wv910|epr_d5_wv910|epr_d7_wv910|epr_d9_wv910,epr_d5_wv850,0.02617741197988116,7.555459338516637e-11,0.0002620888862533315,0.0041717103402133145,0.008830834555846207,
2026-04-15T20:06:26.415048+00:00,simulation,simulation_arf,simulation_arf_seed_42,arf,unconditional,,epr_d1_wv690|epr_d3_wv690|epr_d5_wv690|epr_d7_wv690|epr_d9_wv690|epr_d1_wv735|epr_d3_wv735|epr_d5_wv735|epr_d7_wv735|epr_d9_wv735|epr_d1_wv810|epr_d3_wv810|epr_d5_wv810|epr_d7_wv810|epr_d9_wv810|epr_d1_wv850|epr_d3_wv850|epr_d5_wv850|epr_d7_wv850|epr_d9_wv850|epr_d1_wv910|epr_d3_wv910|epr_d5_wv910|epr_d7_wv910|epr_d9_wv910,epr_d7_wv850,0.026748971193415627,2.6196617480720817e-11,0.00039394545705890975,0.004216291778274563,0.010354068596249967,
2026-04-15T20:06:26.415048+00:00,simulation,simulation_arf,simulation_arf_seed_42,arf,unconditional,,epr_d1_wv690|epr_d3_wv690|epr_d5_wv690|epr_d7_wv690|epr_d9_wv690|epr_d1_wv735|epr_d3_wv735|epr_d5_wv735|epr_d7_wv735|epr_d9_wv735|epr_d1_wv810|epr_d3_wv810|epr_d5_wv810|epr_d7_wv810|epr_d9_wv810|epr_d1_wv850|epr_d3_wv850|epr_d5_wv850|epr_d7_wv850|epr_d9_wv850|epr_d1_wv910|epr_d3_wv910|epr_d5_wv910|epr_d7_wv910|epr_d9_wv910,epr_d9_wv850,0.026520347508001807,4.012768086690398e-11,0.0004754534424013882,0.0049157763259805864,0.011501846180762674,
2026-04-15T20:06:26.415048+00:00,simulation,simulation_arf,simulation_arf_seed_42,arf,unconditional,,epr_d1_wv690|epr_d3_wv690|epr_d5_wv690|epr_d7_wv690|epr_d9_wv690|epr_d1_wv735|epr_d3_wv735|epr_d5_wv735|epr_d7_wv735|epr_d9_wv735|epr_d1_wv810|epr_d3_wv810|epr_d5_wv810|epr_d7_wv810|epr_d9_wv810|epr_d1_wv850|epr_d3_wv850|epr_d5_wv850|epr_d7_wv850|epr_d9_wv850|epr_d1_wv910|epr_d3_wv910|epr_d5_wv910|epr_d7_wv910|epr_d9_wv910,epr_d1_wv910,0.045810470964791954,2.4055377612450464e-32,7.050038155399202e-05,0.0014960100096741893,0.014085625409355061,
2026-04-15T20:06:26.415048+00:00,simulation,simulation_arf,simulation_arf_seed_42,arf,unconditional,,epr_d1_wv690|epr_d3_wv690|epr_d5_wv690|epr_d7_wv690|epr_d9_wv690|epr_d1_wv735|epr_d3_wv735|epr_d5_wv735|epr_d7_wv735|epr_d9_wv735|epr_d1_wv810|epr_d3_wv810|epr_d5_wv810|epr_d7_wv810|epr_d9_wv810|epr_d1_wv850|epr_d3_wv850|epr_d5_wv850|epr_d7_wv850|epr_d9_wv850|epr_d1_wv910|epr_d3_wv910|epr_d5_wv910|epr_d7_wv910|epr_d9_wv910,epr_d3_wv910,0.026863283036122565,2.1137299325492966e-11,0.00021517765646711387,0.0020691386727453333,0.00983086532155491,
2026-04-15T20:06:26.415048+00:00,simulation,simulation_arf,simulation_arf_seed_42,arf,unconditional,,epr_d1_wv690|epr_d3_wv690|epr_d5_wv690|epr_d7_wv690|epr_d9_wv690|epr_d1_wv735|epr_d3_wv735|epr_d5_wv735|epr_d7_wv735|epr_d9_wv735|epr_d1_wv810|epr_d3_wv810|epr_d5_wv810|epr_d7_wv810|epr_d9_wv810|epr_d1_wv850|epr_d3_wv850|epr_d5_wv850|epr_d7_wv850|epr_d9_wv850|epr_d1_wv910|epr_d3_wv910|epr_d5_wv910|epr_d7_wv910|epr_d9_wv910,epr_d5_wv910,0.02634887974394151,5.5118790660685284e-11,0.00024080402288671377,0.0039120117277889055,0.008820828172496338,
2026-04-15T20:06:26.415048+00:00,simulation,simulation_arf,simulation_arf_seed_42,arf,unconditional,,epr_d1_wv690|epr_d3_wv690|epr_d5_wv690|epr_d7_wv690|epr_d9_wv690|epr_d1_wv735|epr_d3_wv735|epr_d5_wv735|epr_d7_wv735|epr_d9_wv735|epr_d1_wv810|epr_d3_wv810|epr_d5_wv810|epr_d7_wv810|epr_d9_wv810|epr_d1_wv850|epr_d3_wv850|epr_d5_wv850|epr_d7_wv850|epr_d9_wv850|epr_d1_wv910|epr_d3_wv910|epr_d5_wv910|epr_d7_wv910|epr_d9_wv910,epr_d7_wv910,0.02686328303612251,2.1137299325495173e-11,0.00038863646919624635,0.004612861762520119,0.010663544688604617,
2026-04-15T20:06:26.415048+00:00,simulation,simulation_arf,simulation_arf_seed_42,arf,unconditional,,epr_d1_wv690|epr_d3_wv690|epr_d5_wv690|epr_d7_wv690|epr_d9_wv690|epr_d1_wv735|epr_d3_wv735|epr_d5_wv735|epr_d7_wv735|epr_d9_wv735|epr_d1_wv810|epr_d3_wv810|epr_d5_wv810|epr_d7_wv810|epr_d9_wv810|epr_d1_wv850|epr_d3_wv850|epr_d5_wv850|epr_d7_wv850|epr_d9_wv850|epr_d1_wv910|epr_d3_wv910|epr_d5_wv910|epr_d7_wv910|epr_d9_wv910,epr_d9_wv910,0.02666323731138548,3.075254958025925e-11,0.0004938102704812114,0.004723997130503612,0.011111975906505091,
2026-04-15T20:06:26.415048+00:00,simulation,simulation_arf,simulation_arf_seed_42,arf,unconditional,,epr_d1_wv690|epr_d3_wv690|epr_d5_wv690|epr_d7_wv690|epr_d9_wv690|epr_d1_wv735|epr_d3_wv735|epr_d5_wv735|epr_d7_wv735|epr_d9_wv735|epr_d1_wv810|epr_d3_wv810|epr_d5_wv810|epr_d7_wv810|epr_d9_wv810|epr_d1_wv850|epr_d3_wv850|epr_d5_wv850|epr_d7_wv850|epr_d9_wv850|epr_d1_wv910|epr_d3_wv910|epr_d5_wv910|epr_d7_wv910|epr_d9_wv910,__aggregate__,0.04198902606310015,,0.0003038264545752991,0.0033298711389252405,0.012302163901273675,0.3893806258829678
